{
    "1": 11.26898098,
    "2": 10.84491348,
    "3": 9.92503643,
    "4": 9.52920246,
    "5": 8.16893005,
    "6": 8.09968853,
    "7": 7.93586063,
    "8": 7.76597691,
    "9": 7.70408726,
    "10": 7.5957675
}